cc****g,cg****c,gl****g,gg****l,lg****g,gg****c,hc****g,cg****h,cg****g,gc****g,hg****g,gh****g,gg****g,gg****h
0.7595628415300546,0.7584699453551913,0.7781420765027323,0.8021857923497268,0.7628415300546448,0.8874316939890711,0.7595628415300546,0.7650273224043715,0.8699453551912568,0.8808743169398907,0.8666666666666667,0.8633879781420765,0.9180327868852459,0.8612021857923498
0.510718789407314,0.5334174022698613,0.5901639344262295,0.592686002522068,0.6065573770491803,0.7137452711223203,0.7200504413619168,0.7213114754098361,0.742749054224464,0.7452711223203027,0.849936948297604,0.8713745271122321,0.8776796973518285,0.8902900378310215
