gl***************g,lg***************g,hc***************g,gg***************c,cg***************g,gc***************g,gh***************g,gg***************h,hg***************g,gg***************g
0.7759562841530054,0.7967213114754098,0.7540983606557377,0.8622950819672132,0.8819672131147541,0.8841530054644808,0.8437158469945355,0.8360655737704918,0.8437158469945355,0.9377049180327869
0.5838587641866331,0.5964691046658259,0.6708701134930644,0.7326607818411097,0.7515762925598991,0.7515762925598991,0.8272383354350568,0.8600252206809584,0.8612862547288777,0.8764186633039092
