gg****************l,gl****************g,lg****************g,gg****************c,cg****************g,gc****************g,gh****************g,hg****************g,gg****************g,gg****************h
0.7781420765027323,0.7836065573770492,0.7683060109289618,0.8644808743169399,0.8775956284153006,0.8590163934426229,0.8590163934426229,0.8524590163934426,0.940983606557377,0.8459016393442623
0.5510718789407314,0.5573770491803278,0.617906683480454,0.7087011349306431,0.7364438839848676,0.7477931904161412,0.8537200504413619,0.8587641866330391,0.8764186633039092,0.8764186633039092
