lg*c,cg*c,cc*g,gg*l,gl*g,hc*g,gc*h,gg*a,cg*g,gg*c,gc*g,hg*g,gg*g,gg*h,gh*g
0.7551912568306011,0.760655737704918,0.760655737704918,0.7934426229508197,0.848087431693989,0.8207650273224044,0.7879781420765027,0.7519125683060109,0.8557377049180328,0.8841530054644808,0.912568306010929,0.8754098360655738,0.9431693989071038,0.8765027322404372,0.8622950819672132
0.4501891551071879,0.5132408575031526,0.5498108448928121,0.605296343001261,0.6519546027742749,0.7049180327868853,0.7351828499369483,0.7351828499369483,0.7477931904161412,0.7528373266078184,0.7717528373266078,0.8713745271122321,0.8890290037831021,0.8902900378310215,0.89281210592686
