lg********************g,gg********************l,cg********************g,gg********************c,gc********************g,hg********************g,gh********************g,gg********************h,gg********************g
0.7693989071038252,0.7868852459016393,0.8513661202185793,0.848087431693989,0.8830601092896175,0.8655737704918033,0.848087431693989,0.8469945355191257,0.9256830601092896
0.5712484237074401,0.575031525851198,0.7213114754098361,0.7301387137452712,0.7528373266078184,0.8272383354350568,0.8423707440100883,0.8486759142496847,0.8865069356872636
