gl**************g,lg**************g,gg**************c,cg**************g,gc**************g,hg**************g,gg**************h,gh**************g,gg**************g
0.766120218579235,0.766120218579235,0.8524590163934426,0.8819672131147541,0.8775956284153006,0.8502732240437159,0.8666666666666667,0.853551912568306,0.946448087431694
0.5687263556116016,0.6355611601513241,0.7162673392181589,0.7465321563682219,0.7667087011349306,0.8310214375788146,0.8524590163934426,0.8549810844892812,0.8839848675914249
