gg************l,lg************g,gl************g,gg************c,cg************g,gc************g,gh************g,hg************g,gg************h,gg************g
0.7737704918032787,0.7595628415300546,0.7825136612021858,0.8743169398907104,0.8841530054644808,0.8852459016393442,0.8601092896174863,0.8546448087431694,0.8557377049180328,0.9387978142076503
0.5889029003783102,0.6040353089533418,0.605296343001261,0.7566204287515763,0.7604035308953342,0.7616645649432535,0.8587641866330391,0.8638083228247163,0.8663303909205549,0.9003783102143758
