gl*************g,gg*************l,lg*************g,gg*************c,gc*************g,cg*************g,hg*************g,gg*************h,gh*************g,gg*************g
0.7617486338797814,0.7617486338797814,0.7792349726775957,0.8612021857923498,0.8939890710382513,0.8786885245901639,0.8568306010928962,0.8491803278688524,0.8557377049180328,0.9387978142076503
0.5788146279949559,0.5825977301387137,0.5952080706179067,0.7288776796973518,0.7465321563682219,0.7881462799495587,0.8562421185372006,0.8587641866330391,0.8612862547288777,0.8890290037831021
