lg***********************g,gl***********************g,cg***********************g,gc***********************g,gg***********************c,hg***********************g,gg***********************h,gh***********************g,gg***********************g
0.7639344262295082,0.7530054644808744,0.8677595628415301,0.8601092896174863,0.8360655737704918,0.8437158469945355,0.8349726775956284,0.8327868852459016,0.9245901639344263
0.5838587641866331,0.587641866330391,0.7225725094577553,0.7503152585119798,0.7591424968474149,0.8423707440100883,0.8436317780580076,0.8511979823455234,0.8827238335435057
