gc***c,gg***l,lg***g,ch***g,cg***h,gg***a,hc***g,gc***g,ag***g,gg***c,cg***g,gh***g,gg***h,hg***g,gg***g
0.7617486338797814,0.760655737704918,0.819672131147541,0.760655737704918,0.7530054644808744,0.7792349726775957,0.7759562841530054,0.8710382513661202,0.7562841530054645,0.8732240437158469,0.892896174863388,0.8579234972677595,0.8797814207650273,0.848087431693989,0.9245901639344263
0.5283732660781841,0.5964691046658259,0.6141235813366961,0.6847414880201765,0.694829760403531,0.7187894073139974,0.7238335435056746,0.7452711223203027,0.7503152585119798,0.7578814627994955,0.7730138713745272,0.849936948297604,0.862547288776797,0.8638083228247163,0.89281210592686
