gg********l,lg********g,gl********g,gg********c,cg********g,gc********g,hg********g,gg********h,gh********g,gg********g
0.7836065573770492,0.7901639344262295,0.7978142076502732,0.853551912568306,0.8754098360655738,0.8907103825136612,0.8655737704918033,0.848087431693989,0.8644808743169399,0.9387978142076503
0.5561160151324086,0.6015132408575031,0.6141235813366961,0.7074401008827238,0.7578814627994955,0.7641866330390921,0.8511979823455234,0.8549810844892812,0.8562421185372006,0.8953341740226987
