gg*******************l,lg*******************g,cg*******************g,gg*******************c,gc*******************g,hg*******************g,gh*******************g,gg*******************h,gg*******************g
0.7584699453551913,0.7759562841530054,0.8699453551912568,0.853551912568306,0.8491803278688524,0.8601092896174863,0.8546448087431694,0.8491803278688524,0.9344262295081968
0.575031525851198,0.5838587641866331,0.7402269861286255,0.7440100882723834,0.755359394703657,0.8398486759142497,0.8423707440100883,0.849936948297604,0.8713745271122321
