gc************************g,gg************************c,cg************************g,gh************************g,gg************************h,hg************************g,gg************************g
0.8448087431693989,0.839344262295082,0.8743169398907104,0.8349726775956284,0.8404371584699454,0.8316939890710382,0.9245901639344263
0.725094577553594,0.7364438839848676,0.7616645649432535,0.8297604035308953,0.8411097099621689,0.8436317780580076,0.8575031525851198
