gl*****************g,gg*****************l,lg*****************g,gg*****************c,gc*****************g,cg*****************g,gh*****************g,gg*****************h,hg*****************g,gg*****************g
0.766120218579235,0.7530054644808744,0.7672131147540984,0.8601092896174863,0.8841530054644808,0.8655737704918033,0.8415300546448088,0.8502732240437159,0.8644808743169399,0.9366120218579235
0.562421185372005,0.5775535939470365,0.5952080706179067,0.7150063051702396,0.7389659520807061,0.7465321563682219,0.8335435056746532,0.8423707440100883,0.849936948297604,0.8991172761664565
