gg*****l,gl*****g,hc*****g,gc*****h,gg*****a,cg*****g,gg*****c,gc*****g,hg*****g,gg*****h,gh*****g,gg*****g
0.7726775956284153,0.8021857923497268,0.7573770491803279,0.7781420765027323,0.7530054644808744,0.8644808743169399,0.8601092896174863,0.8907103825136612,0.8426229508196721,0.8754098360655738,0.8710382513661202,0.9322404371584699
0.5762925598991173,0.6153846153846154,0.6872635561160151,0.699873896595208,0.712484237074401,0.7364438839848676,0.7402269861286255,0.78562421185372,0.8549810844892812,0.8688524590163934,0.8789407313997478,0.9029003783102144
