lg**********************g,gg**********************l,gg**********************c,gc**********************g,cg**********************g,hg**********************g,gh**********************g,gg**********************h,gg**********************g
0.7595628415300546,0.7595628415300546,0.8349726775956284,0.8491803278688524,0.8502732240437159,0.8360655737704918,0.8590163934426229,0.8513661202185793,0.9245901639344263
0.5649432534678437,0.587641866330391,0.712484237074401,0.7528373266078184,0.7540983606557377,0.8272383354350568,0.8373266078184111,0.8423707440100883,0.8827238335435057
