l*gc,c*gc,g*cc,l*gg,g*lg,c*hg,c*gh,g*gc,g*ch,h*cg,c*gg,g*cg,g*gh,h*gg,g*hg,g*gg
0.7934426229508197,0.7551912568306011,0.7584699453551913,0.7726775956284153,0.8612021857923498,0.7573770491803279,0.7715846994535519,0.8382513661202186,0.7912568306010929,0.774863387978142,0.8896174863387978,0.8994535519125683,0.8601092896174863,0.8863387978142077,0.8710382513661202,0.9442622950819672
0.4527112232030265,0.4930643127364439,0.5283732660781841,0.5687263556116016,0.6317780580075663,0.6923076923076923,0.7023959646910467,0.7036569987389659,0.7087011349306431,0.733921815889029,0.7831021437578815,0.7831021437578815,0.849936948297604,0.8562421185372006,0.880201765447667,0.89281210592686
