gg*********l,lg*********g,gl*********g,gc*********g,gg*********c,cg*********g,gg*********h,gh*********g,hg*********g,gg*********g
0.7945355191256831,0.7934426229508197,0.7989071038251366,0.8896174863387978,0.8666666666666667,0.8896174863387978,0.8491803278688524,0.8710382513661202,0.8699453551912568,0.9344262295081968
0.5649432534678437,0.592686002522068,0.6015132408575031,0.7566204287515763,0.7566204287515763,0.7780580075662042,0.8423707440100883,0.8436317780580076,0.8486759142496847,0.8877679697351829
