gg**********l,gl**********g,lg**********g,hc**********g,gg**********c,cg**********g,gc**********g,hg**********g,gh**********g,gg**********h,gg**********g
0.766120218579235,0.7814207650273224,0.7956284153005464,0.7508196721311475,0.8666666666666667,0.8775956284153006,0.8765027322404372,0.8644808743169399,0.8622950819672132,0.8568306010928962,0.940983606557377
0.5523329129886507,0.5901639344262295,0.6103404791929382,0.6759142496847415,0.7276166456494325,0.7490542244640606,0.7667087011349306,0.8423707440100883,0.8650693568726355,0.8688524590163934,0.9016393442622951
