glg,gcc,ccg,lgg,ggl,gch,chg,ghc,hgc,gcg,ggc,cgg,ggg,ghg,hgg,ggh
0.766120218579235,0.8218579234972677,0.7967213114754098,0.848087431693989,0.825136612021858,0.760655737704918,0.7617486338797814,0.7508196721311475,0.7573770491803279,0.8786885245901639,0.9103825136612022,0.8972677595628415,0.9103825136612022,0.8622950819672132,0.8622950819672132,0.8721311475409836
0.5851197982345523,0.592686002522068,0.5964691046658259,0.6191677175283733,0.6229508196721312,0.6834804539722572,0.6885245901639344,0.6960907944514502,0.7162673392181589,0.7440100882723834,0.7515762925598991,0.7780580075662042,0.8562421185372006,0.8701134930643127,0.880201765447667,0.8827238335435057
