gl******************g,gg******************l,lg******************g,gg******************c,gc******************g,cg******************g,hg******************g,gg******************h,gh******************g,gg******************g
0.7792349726775957,0.7672131147540984,0.7759562841530054,0.8743169398907104,0.8961748633879781,0.8721311475409836,0.8568306010928962,0.8459016393442623,0.8688524590163934,0.9322404371584699
0.5800756620428752,0.5977301387137453,0.6040353089533418,0.7351828499369483,0.7389659520807061,0.7591424968474149,0.8284993694829761,0.8461538461538461,0.8461538461538461,0.8902900378310215
