gg*******l,gl*******g,lg*******g,gg*******c,cg*******g,gc*******g,gh*******g,hg*******g,gg*******h,gg*******g
0.7704918032786885,0.7650273224043715,0.8142076502732241,0.8699453551912568,0.8841530054644808,0.8874316939890711,0.8622950819672132,0.8633879781420765,0.8754098360655738,0.9431693989071038
0.5523329129886507,0.6015132408575031,0.6128625472887768,0.7213114754098361,0.7692307692307693,0.798234552332913,0.8587641866330391,0.8663303909205549,0.8751576292559899,0.8814627994955864
