gg******l,gl******g,lg******g,cg******h,gg******c,ag******g,cg******g,gc******g,gh******g,hg******g,gg******h,gg******g
0.7573770491803279,0.7683060109289618,0.7814207650273224,0.7551912568306011,0.8765027322404372,0.7540983606557377,0.8765027322404372,0.8961748633879781,0.8502732240437159,0.8622950819672132,0.8666666666666667,0.9377049180327869
0.5573770491803278,0.5800756620428752,0.6279949558638083,0.7162673392181589,0.7175283732660782,0.7187894073139974,0.7704918032786885,0.7780580075662042,0.8587641866330391,0.8587641866330391,0.880201765447667,0.9029003783102144
