gg*********************l,gl*********************g,lg*********************g,gg*********************c,gc*********************g,cg*********************g,gh*********************g,gg*********************h,hg*********************g,gg*********************g
0.7540983606557377,0.7584699453551913,0.7639344262295082,0.839344262295082,0.8524590163934426,0.853551912568306,0.8469945355191257,0.8284153005464481,0.8284153005464481,0.9300546448087431
0.562421185372005,0.5851197982345523,0.592686002522068,0.7150063051702396,0.7326607818411097,0.7389659520807061,0.8284993694829761,0.8448928121059268,0.8461538461538461,0.8764186633039092
