lg*************************g,gg*************************c,cg*************************g,gc*************************g,gg*************************h,hg*************************g,gh*************************g,gg*************************g
0.7672131147540984,0.8590163934426229,0.8633879781420765,0.8601092896174863,0.8262295081967214,0.8601092896174863,0.8513661202185793,0.926775956284153
0.5914249684741488,0.7162673392181589,0.7175283732660782,0.7490542244640606,0.8284993694829761,0.8335435056746532,0.8461538461538461,0.8549810844892812
