lg**g,gl**g,gc**h,ch**g,hc**g,gg**c,ag**g,cg**g,gc**g,hg**h,gg**h,gh**g,hg**g,gg**g
0.7825136612021858,0.7759562841530054,0.7530054644808744,0.7726775956284153,0.774863387978142,0.8371584699453551,0.7770491803278688,0.9016393442622951,0.898360655737705,0.7693989071038252,0.8874316939890711,0.8863387978142077,0.8644808743169399,0.946448087431694
0.5838587641866331,0.592686002522068,0.6759142496847415,0.6885245901639344,0.6960907944514502,0.7036569987389659,0.7452711223203027,0.7730138713745272,0.7755359394703657,0.8209331651954602,0.8638083228247163,0.8638083228247163,0.8751576292559899,0.8991172761664565
