gg***********l,gl***********g,lg***********g,hc***********g,gg***********c,cg***********g,gc***********g,gg***********h,gh***********g,hg***********g,gg***********g
0.7945355191256831,0.7836065573770492,0.7693989071038252,0.7573770491803279,0.8622950819672132,0.8874316939890711,0.8863387978142077,0.8622950819672132,0.853551912568306,0.8688524590163934,0.9366120218579235
0.5737704918032787,0.5825977301387137,0.6027742749054225,0.6847414880201765,0.7465321563682219,0.7629255989911727,0.7704918032786885,0.8511979823455234,0.8524590163934426,0.8562421185372006,0.8902900378310215
