gg************************h,hg************************g
0.7575757575757576,0.7676767676767676
0.6714975845410628,0.6763285024154589
