hg***************h,gh***************g,gg***************h,hg***************g,gg***************g
0.7878787878787878,0.7575757575757576,0.7575757575757576,0.7878787878787878,0.8282828282828283
0.5458937198067633,0.6908212560386473,0.7004830917874396,0.7053140096618358,0.7777777777777778
