gh************h,gg************h,hg************g,gh************g,gg************g
0.7676767676767676,0.8282828282828283,0.8585858585858586,0.8181818181818182,0.7777777777777778
0.5845410628019324,0.6473429951690821,0.7391304347826086,0.7439613526570048,0.8164251207729468
