h******gh,h******hg,h******gg,g******gh,g******hg,g******gg
0.7575757575757576,0.7878787878787878,0.8686868686868687,0.8585858585858586,0.8787878787878788,0.8585858585858586
0.5410628019323671,0.6038647342995169,0.6908212560386473,0.7439613526570048,0.7922705314009661,0.8260869565217391
