g*********hh,h*********hg,h*********gg,g*********gh,g*********hg,g*********gg
0.7575757575757576,0.7575757575757576,0.7676767676767676,0.8383838383838383,0.8484848484848485,0.8787878787878788
0.5797101449275363,0.6038647342995169,0.6521739130434783,0.6811594202898551,0.7777777777777778,0.8309178743961353
