hh***g,gh***g,hg***h,hg***g,gg***h,gg***g
0.7676767676767676,0.8181818181818182,0.7777777777777778,0.8080808080808081,0.8585858585858586,0.8787878787878788
0.6183574879227053,0.6280193236714976,0.6521739130434783,0.7391304347826086,0.7439613526570048,0.7922705314009661
