gh*******h,gh*******g,gg*******h,hg*******g,gg*******g
0.7777777777777778,0.8484848484848485,0.8282828282828283,0.7777777777777778,0.8787878787878788
0.5458937198067633,0.6714975845410628,0.714975845410628,0.7632850241545893,0.7729468599033816
