gg******************h,gh******************g,hg******************g,gg******************g
0.7575757575757576,0.8080808080808081,0.7575757575757576,0.7676767676767676
0.6859903381642513,0.6908212560386473,0.7632850241545893,0.782608695652174
