bg,ja,ig,hf,dg,aa,gi,gk,gb,jh,fh,kg,hl,hj,ca,ha,ac,fg,gf,ah,hh,jg,lg,gj,cc,ag,gl,ch,hc,ga,cg,gh,gg,gc,hg
0.8585858585858586,0.7575757575757576,0.7777777777777778,0.8282828282828283,0.7575757575757576,0.8181818181818182,0.7575757575757576,0.7777777777777778,0.8181818181818182,0.898989898989899,0.7878787878787878,0.8383838383838383,0.7777777777777778,0.8383838383838383,0.7777777777777778,0.8888888888888888,0.797979797979798,0.8282828282828283,0.8383838383838383,0.898989898989899,0.9595959595959596,0.898989898989899,0.8080808080808081,0.9494949494949495,0.8181818181818182,0.9393939393939394,0.8585858585858586,0.9292929292929293,0.8585858585858586,0.9595959595959596,0.9292929292929293,1.0,0.9797979797979798,0.9696969696969697,0.9696969696969697
0.7198067632850241,0.7246376811594203,0.7294685990338164,0.7439613526570048,0.748792270531401,0.7729468599033816,0.7777777777777778,0.782608695652174,0.7922705314009661,0.7971014492753623,0.8019323671497585,0.8115942028985508,0.8309178743961353,0.8357487922705314,0.8454106280193237,0.855072463768116,0.8599033816425121,0.8647342995169082,0.8695652173913043,0.8743961352657005,0.9082125603864735,0.927536231884058,0.927536231884058,0.927536231884058,0.927536231884058,0.927536231884058,0.9371980676328503,0.9420289855072463,0.9516908212560387,0.966183574879227,0.9758454106280193,0.9806763285024155,0.9855072463768116,0.9903381642512077,0.9951690821256038
