h**hg,g**hh,h**gg,g**gh,g**hg,g**gg
0.7878787878787878,0.8080808080808081,0.8080808080808081,0.8888888888888888,0.8787878787878788,0.8282828282828283
0.5748792270531401,0.6280193236714976,0.7439613526570048,0.748792270531401,0.7922705314009661,0.8309178743961353
