hhg,hgh,ghh,hgg,ggg,ghg,ggh
0.8282828282828283,0.7777777777777778,0.7878787878787878,0.8484848484848485,0.797979797979798,0.8181818181818182,0.8080808080808081
0.5942028985507246,0.6038647342995169,0.6328502415458938,0.7053140096618358,0.714975845410628,0.7246376811594203,0.7294685990338164
