hh****g,gh****h,hg****h,ga****g,gh****g,gg****h,hg****g,gg****g
0.8080808080808081,0.7575757575757576,0.7575757575757576,0.7575757575757576,0.797979797979798,0.8686868686868687,0.8282828282828283,0.8484848484848485
0.5845410628019324,0.6328502415458938,0.6376811594202898,0.6570048309178744,0.7101449275362319,0.7198067632850241,0.7632850241545893,0.782608695652174
