ga********g,gg********h,gh********g,hg********g,gg********g
0.7575757575757576,0.797979797979798,0.8383838383838383,0.8383838383838383,0.8383838383838383
0.6521739130434783,0.6811594202898551,0.7101449275362319,0.7342995169082126,0.8405797101449275
