hh*****g,gh*****h,hg*****h,gh*****g,hg*****g,gg*****h,gg*****g
0.7676767676767676,0.797979797979798,0.7575757575757576,0.8181818181818182,0.8484848484848485,0.8686868686868687,0.8686868686868687
0.5748792270531401,0.6135265700483091,0.6231884057971014,0.7053140096618358,0.7294685990338164,0.7391304347826086,0.7777777777777778
