hh*g,gh*h,hg*h,ga*g,hg*g,gh*g,gg*g,gg*h
0.7575757575757576,0.8484848484848485,0.797979797979798,0.7575757575757576,0.8484848484848485,0.8383838383838383,0.8282828282828283,0.8585858585858586
0.5797101449275363,0.6183574879227053,0.6328502415458938,0.714975845410628,0.714975845410628,0.7342995169082126,0.782608695652174,0.7922705314009661
