g****hh,h****gh,g****gh,h****gg,g****gg,g****hg
0.7878787878787878,0.7676767676767676,0.8282828282828283,0.8080808080808081,0.7676767676767676,0.7575757575757576
0.5942028985507246,0.5942028985507246,0.6618357487922706,0.7101449275362319,0.7632850241545893,0.7971014492753623
