gh*********************h,gh*********************g,gg*********************g
0.7575757575757576,0.7676767676767676,0.7676767676767676
0.5748792270531401,0.7004830917874396,0.8115942028985508
