h*****hg,h*****gg,g*****hg,g*****gh,g*****gg
0.8080808080808081,0.797979797979798,0.8484848484848485,0.7575757575757576,0.8282828282828283
0.5700483091787439,0.6908212560386473,0.7101449275362319,0.7632850241545893,0.7874396135265701
