g***hh,h***gh,h***hg,g***ga,h***gg,g***gg,g***gh,g***hg
0.797979797979798,0.797979797979798,0.7777777777777778,0.7777777777777778,0.7676767676767676,0.8686868686868687,0.8383838383838383,0.8585858585858586
0.5748792270531401,0.5942028985507246,0.6521739130434783,0.6956521739130435,0.7101449275362319,0.7632850241545893,0.8019323671497585,0.8067632850241546
