hg****************h,gh****************g,hg****************g,gg****************g
0.7777777777777778,0.7676767676767676,0.8080808080808081,0.8282828282828283
0.6280193236714976,0.7004830917874396,0.7294685990338164,0.8067632850241546
