gh***********h,gh***********g,hg***********g,gg***********g,gg***********h
0.7575757575757576,0.7878787878787878,0.797979797979798,0.8686868686868687,0.7575757575757576
0.6763285024154589,0.714975845410628,0.7439613526570048,0.7536231884057971,0.7681159420289855
