hg*******************g,gh*******************g,gg*******************g
0.7575757575757576,0.797979797979798,0.8080808080808081
0.6811594202898551,0.714975845410628,0.7874396135265701
