gg*************h,ga*************g,hg*************g,gh*************g,gg*************g
0.8787878787878788,0.7878787878787878,0.8181818181818182,0.7878787878787878,0.8383838383838383
0.6473429951690821,0.6618357487922706,0.714975845410628,0.7198067632850241,0.7971014492753623
