g********hh,g********ga,g********hg,h********gg,g********gh,g********gg
0.7676767676767676,0.7575757575757576,0.8383838383838383,0.7676767676767676,0.797979797979798,0.8585858585858586
0.5748792270531401,0.6666666666666666,0.6811594202898551,0.6859903381642513,0.7294685990338164,0.7874396135265701
