hg**************h,gh**************g,hg**************g,gg**************h,gg**************g
0.7676767676767676,0.797979797979798,0.8282828282828283,0.8181818181818182,0.8282828282828283
0.6183574879227053,0.6908212560386473,0.7246376811594203,0.7294685990338164,0.8260869565217391
