gh***********************g,hg***********************g,gg***********************g
0.7878787878787878,0.7777777777777778,0.8282828282828283
0.6908212560386473,0.7053140096618358,0.7971014492753623
