hh**g,hg**h,gg**h,gh**g,hg**g,ga**g,gg**g
0.797979797979798,0.7777777777777778,0.8383838383838383,0.898989898989899,0.8282828282828283,0.8080808080808081,0.8383838383838383
0.5893719806763285,0.6859903381642513,0.7342995169082126,0.7391304347826086,0.7584541062801933,0.7632850241545893,0.8743961352657005
