g*******hh,h*******hg,g*******ga,g*******gh,g*******hg,g*******gg
0.7575757575757576,0.7777777777777778,0.7575757575757576,0.8484848484848485,0.8787878787878788,0.8585858585858586
0.5700483091787439,0.5797101449275363,0.6183574879227053,0.7053140096618358,0.7777777777777778,0.8019323671497585
