gh**********************g,hg**********************g,gg**********************g
0.7676767676767676,0.7777777777777778,0.8282828282828283
0.6908212560386473,0.714975845410628,0.8260869565217391
