h*gh,h*hg,g*hh,g*gh,h*gg,g*hg,g*gg
0.7575757575757576,0.7878787878787878,0.8383838383838383,0.8585858585858586,0.8383838383838383,0.8484848484848485,0.8282828282828283
0.5362318840579711,0.6183574879227053,0.6618357487922706,0.6714975845410628,0.7342995169082126,0.7971014492753623,0.8019323671497585
