ag******g,gg******h,hg******g,gh******g,gg******g
0.7676767676767676,0.8080808080808081,0.9191919191919192,0.8282828282828283,0.8282828282828283
0.6376811594202898,0.748792270531401,0.7536231884057971,0.7632850241545893,0.782608695652174
