ga**********g,gh**********g,gg**********h,hg**********g,gg**********g
0.7878787878787878,0.8484848484848485,0.7676767676767676,0.8888888888888888,0.8383838383838383
0.6859903381642513,0.7004830917874396,0.7391304347826086,0.7777777777777778,0.7874396135265701
