hg***************************g,gh***************************g,gg***************************g
0.7575757575757576,0.7575757575757576,0.7676767676767676
0.6376811594202898,0.7004830917874396,0.782608695652174
