hg*************************g,gh*************************g
0.7777777777777778,0.8181818181818182
0.6811594202898551,0.6859903381642513
