hg*********h,gh*********g,gg*********h,hg*********g,gg*********g
0.7575757575757576,0.8484848484848485,0.8181818181818182,0.8484848484848485,0.8585858585858586
0.5942028985507246,0.7294685990338164,0.7391304347826086,0.7536231884057971,0.7874396135265701
