hg*****************g,gg*****************g
0.8080808080808081,0.8181818181818182
0.7198067632850241,0.7922705314009661
