hg**************************g,gh**************************g,gg**************************g
0.7575757575757576,0.7878787878787878,0.7878787878787878
0.6521739130434783,0.6666666666666666,0.7729468599033816
