g*********gh,g*********hg,h*********gg,g*********gg
0.8379446640316206,0.7509881422924901,0.766798418972332,0.8656126482213439
0.6823453608247423,0.7003865979381443,0.7048969072164949,0.7931701030927835
