gg**********h,hg**********g,gh**********g,gg**********g
0.8142292490118577,0.766798418972332,0.8102766798418972,0.8774703557312253
0.6810567010309279,0.7003865979381443,0.7029639175257731,0.7873711340206185
