gc*g,hg*g,gh*g,gg*h,gg*g
0.782608695652174,0.8616600790513834,0.849802371541502,0.83399209486166,0.8932806324110671
0.7003865979381443,0.7036082474226805,0.7126288659793815,0.7152061855670103,0.7744845360824743
