h*************gg,g*************gh,g*************hg,g*************gg
0.7786561264822134,0.7747035573122529,0.782608695652174,0.8972332015810277
0.6881443298969072,0.6894329896907216,0.7036082474226805,0.7938144329896907
