ab,bh,ja,lc,jc,aa,gd,dg,hf,fh,kg,bg,lh,hl,ac,ca,cc,gb,jh,hj,ha,ah,fg,gf,ch,hh,gl,jg,lg,hc,gj,ag,ga,gh,cg,hg,gc,gg
0.7549407114624506,0.7786561264822134,0.7905138339920948,0.758893280632411,0.782608695652174,0.7944664031620553,0.8063241106719368,0.782608695652174,0.8063241106719368,0.758893280632411,0.766798418972332,0.8142292490118577,0.8537549407114624,0.8181818181818182,0.7628458498023716,0.8181818181818182,0.8063241106719368,0.8695652173913043,0.8616600790513834,0.857707509881423,0.9209486166007905,0.9130434782608695,0.9407114624505929,0.8972332015810277,0.9604743083003953,0.9446640316205533,0.8814229249011858,0.9644268774703557,0.9130434782608695,0.9407114624505929,0.9644268774703557,0.9802371541501976,0.9565217391304348,0.9881422924901185,0.9723320158102767,0.9920948616600791,0.9841897233201581,0.9920948616600791
0.6088917525773195,0.678479381443299,0.6945876288659794,0.7087628865979382,0.7106958762886598,0.7164948453608248,0.7184278350515464,0.7454896907216495,0.7506443298969072,0.7615979381443299,0.7622422680412371,0.7628865979381443,0.7777061855670103,0.782860824742268,0.7847938144329897,0.788659793814433,0.7976804123711341,0.8086340206185567,0.8208762886597938,0.8414948453608248,0.8530927835051546,0.8582474226804123,0.8634020618556701,0.8685567010309279,0.8775773195876289,0.884020618556701,0.8930412371134021,0.8936855670103093,0.895618556701031,0.898840206185567,0.9110824742268041,0.9259020618556701,0.9413659793814433,0.9574742268041238,0.9594072164948454,0.9639175257731959,0.9652061855670103,0.9710051546391752
