c*******gg,h*******gg,g*******gh,g*******hg,g*******gg
0.7549407114624506,0.7549407114624506,0.8102766798418972,0.7944664031620553,0.8695652173913043
0.601159793814433,0.6836340206185567,0.6932989690721649,0.7152061855670103,0.7899484536082474
