gg*************h,gh*************g,hg*************g,gg*************g
0.7944664031620553,0.8142292490118577,0.7865612648221344,0.849802371541502
0.6630154639175257,0.6958762886597938,0.708118556701031,0.7899484536082474
