gh***************g,gg***************h,gg***************g
0.7628458498023716,0.7984189723320159,0.8695652173913043
0.6713917525773195,0.6881443298969072,0.7815721649484536
