gg****************h,gh****************g,hg****************g,gg****************g
0.8102766798418972,0.7786561264822134,0.7786561264822134,0.8300395256916996
0.6643041237113402,0.6875,0.696520618556701,0.7731958762886598
