g**********gh,g**********hg,g**********gg
0.7786561264822134,0.8102766798418972,0.8814229249011858
0.7010309278350515,0.7164948453608248,0.8009020618556701
