gc*******g,gh*******g,gg*******h,hg*******g,gg*******g
0.7509881422924901,0.7984189723320159,0.8260869565217391,0.7944664031620553,0.8735177865612648
0.6514175257731959,0.678479381443299,0.6990979381443299,0.7229381443298969,0.7731958762886598
