hg*****g,gg*****h,gh*****g,gg*****g
0.7865612648221344,0.8260869565217391,0.8537549407114624,0.8735177865612648
0.7010309278350515,0.7023195876288659,0.7087628865979382,0.7744845360824743
