g*****gh,g*****hg,h*****gg,g*****gg
0.8300395256916996,0.8260869565217391,0.8379446640316206,0.9130434782608695
0.6765463917525774,0.6990979381443299,0.6997422680412371,0.7944587628865979
