h**************gg,g**************gh,g**************hg,g**************gg
0.766798418972332,0.7549407114624506,0.7865612648221344,0.8616600790513834
0.6817010309278351,0.6920103092783505,0.7016752577319587,0.7983247422680413
