g*******************hg,h*******************gg,g*******************gh,g*******************gg
0.7905138339920948,0.7628458498023716,0.7905138339920948,0.849802371541502
0.6675257731958762,0.6752577319587629,0.6971649484536082,0.773840206185567
