c****gg,g****gh,g****hg,h****gg,g****gg
0.8142292490118577,0.7905138339920948,0.8260869565217391,0.7944664031620553,0.8853754940711462
0.6404639175257731,0.6739690721649485,0.6945876288659794,0.7094072164948454,0.7603092783505154
