gc************g,gh************g,hg************g,gg************g
0.7549407114624506,0.7509881422924901,0.7509881422924901,0.9011857707509882
0.6353092783505154,0.7074742268041238,0.7132731958762887,0.7777061855670103
