g******gh,h******gg,g******hg,g******gg
0.849802371541502,0.7786561264822134,0.782608695652174,0.8932806324110671
0.7029639175257731,0.7042525773195877,0.7132731958762887,0.7841494845360825
