gc***g,cg***g,gh***g,hg***g,gg***h,gg***g
0.7786561264822134,0.7707509881422925,0.7786561264822134,0.7984189723320159,0.8458498023715415,0.8695652173913043
0.634020618556701,0.6707474226804123,0.6945876288659794,0.7139175257731959,0.7313144329896907,0.7564432989690721
