gc********g,gh********g,gg********h,hg********g,gg********g
0.8063241106719368,0.7786561264822134,0.782608695652174,0.8142292490118577,0.849802371541502
0.6597938144329897,0.6997422680412371,0.7036082474226805,0.7119845360824743,0.7815721649484536
