gg*******************h,hg*******************g,gg*******************g
0.7984189723320159,0.7944664031620553,0.8814229249011858
0.6810567010309279,0.6817010309278351,0.7802835051546392
