c***gg,g***gh,g***hg,h***gg,g***gg
0.8102766798418972,0.7786561264822134,0.8260869565217391,0.8458498023715415,0.8735177865612648
0.6204896907216495,0.708118556701031,0.7094072164948454,0.7248711340206185,0.7545103092783505
