h***********gg,g***********hg,g***********gg
0.7549407114624506,0.8181818181818182,0.9051383399209486
0.6913659793814433,0.7048969072164949,0.7777061855670103
