gh******************g,gg******************h,hg******************g,gg******************g
0.7549407114624506,0.7905138339920948,0.8023715415019763,0.8695652173913043
0.6662371134020618,0.6707474226804123,0.6842783505154639,0.7686855670103093
