gg*********h,gh*********g,hg*********g,gg*********g
0.782608695652174,0.7944664031620553,0.7707509881422925,0.8774703557312253
0.6900773195876289,0.6926546391752577,0.7061855670103093,0.8086340206185567
