g******************gh,g******************hg,h******************gg,g******************gg
0.8023715415019763,0.8023715415019763,0.766798418972332,0.8814229249011858
0.6713917525773195,0.6836340206185567,0.6855670103092784,0.7686855670103093
