h********************gg,g********************hg,g********************gg
0.7549407114624506,0.766798418972332,0.8774703557312253
0.6701030927835051,0.678479381443299,0.7615979381443299
