g***************gh,g***************hg,g***************gg
0.8300395256916996,0.7786561264822134,0.8537549407114624
0.6720360824742269,0.6997422680412371,0.7951030927835051
