gg*****************h,gh*****************g,hg*****************g,gg*****************g
0.7865612648221344,0.83399209486166,0.758893280632411,0.8221343873517787
0.666881443298969,0.6726804123711341,0.7074742268041238,0.7802835051546392
