gg********************h,gh********************g,hg********************g,gg********************g
0.7707509881422925,0.7984189723320159,0.782608695652174,0.8379446640316206
0.6643041237113402,0.6771907216494846,0.6900773195876289,0.7783505154639175
