gh**h,cg**g,gh**g,hg**g,gg**h,gg**g
0.7905138339920948,0.7549407114624506,0.849802371541502,0.8656126482213439,0.7944664031620553,0.8774703557312253
0.601159793814433,0.6707474226804123,0.7152061855670103,0.7255154639175257,0.7435567010309279,0.8002577319587629
