gh**************g,gg**************h,hg**************g,gg**************g
0.8379446640316206,0.7905138339920948,0.7984189723320159,0.8814229249011858
0.6759020618556701,0.6829896907216495,0.6997422680412371,0.7731958762886598
