gh******g,gg******h,hg******g,gg******g
0.7984189723320159,0.7747035573122529,0.8221343873517787,0.8972332015810277
0.6907216494845361,0.6990979381443299,0.7055412371134021,0.7931701030927835
