h************gg,g************gh,g************hg,g************gg
0.7747035573122529,0.7944664031620553,0.7984189723320159,0.8616600790513834
0.663659793814433,0.717139175257732,0.7235824742268041,0.7899484536082474
