g*****************gh,h*****************gg,g*****************hg,g*****************gg
0.7786561264822134,0.7707509881422925,0.7984189723320159,0.8814229249011858
0.6720360824742269,0.6739690721649485,0.7036082474226805,0.770618556701031
