cg****g,gh****g,hg****g,gg****h,gg****g
0.7747035573122529,0.7984189723320159,0.8102766798418972,0.841897233201581,0.8853754940711462
0.6153350515463918,0.6932989690721649,0.6990979381443299,0.7074742268041238,0.740979381443299
