g********gc,h********gg,g********hg,g********gg
0.766798418972332,0.8300395256916996,0.849802371541502,0.8932806324110671
0.6423969072164949,0.7042525773195877,0.7119845360824743,0.7854381443298969
