g*gh,c*gg,g*hg,h*gg,g*gg
0.8023715415019763,0.782608695652174,0.8932806324110671,0.7984189723320159,0.9011857707509882
0.6739690721649485,0.6759020618556701,0.720360824742268,0.7358247422680413,0.7770618556701031
