c**gg,g**gh,g**hg,h**gg,g**gg
0.8063241106719368,0.841897233201581,0.7944664031620553,0.857707509881423,0.8972332015810277
0.6256443298969072,0.7106958762886598,0.7268041237113402,0.729381443298969,0.8047680412371134
