gg***********h,gh***********g,hg***********g,gg***********g
0.8300395256916996,0.7786561264822134,0.8142292490118577,0.8616600790513834
0.6926546391752577,0.7048969072164949,0.7177835051546392,0.7867268041237113
