h****************gg,g****************hg,g****************gg
0.758893280632411,0.7786561264822134,0.8537549407114624
0.6643041237113402,0.6817010309278351,0.782860824742268
