ghg,ggc,ggh,hgg,ggg
0.8221343873517787,0.7549407114624506,0.8616600790513834,0.8260869565217391,0.8458498023715415
0.6720360824742269,0.6881443298969072,0.6926546391752577,0.7055412371134021,0.7287371134020618
