KK,KE,EK,EE,KV,EI,VK,KG,IE,IL,LK,KL,GK,EG,EV,VE,KA,LE,VV,EL,EA,LG,LV,VL,LL,AL,LA
0.7540983606557377,0.8327868852459016,0.8240437158469945,0.8622950819672132,0.7836065573770492,0.819672131147541,0.7923497267759563,0.7683060109289618,0.7584699453551913,0.7672131147540984,0.8557377049180328,0.7945355191256831,0.7726775956284153,0.7540983606557377,0.833879781420765,0.8207650273224044,0.7540983606557377,0.8382513661202186,0.7879781420765027,0.8459016393442623,0.7704918032786885,0.7792349726775957,0.7890710382513662,0.8076502732240437,0.7879781420765027,0.7693989071038252,0.7704918032786885
0.4337957124842371,0.4968474148802018,0.5523329129886507,0.5561160151324086,0.5561160151324086,0.5712484237074401,0.5851197982345523,0.6065573770491803,0.6065573770491803,0.6569987389659521,0.6595208070617906,0.669609079445145,0.6796973518284993,0.6897856242118537,0.6935687263556116,0.7074401008827238,0.712484237074401,0.7225725094577553,0.7301387137452712,0.7578814627994955,0.7843631778058008,0.7881462799495587,0.7906683480453972,0.7969735182849937,0.7969735182849937,0.8600252206809584,0.8827238335435057
