VG,VT,GA,AI,AA,AV,GV,AG,LA,AL
0.8080808080808081,0.7777777777777778,0.7575757575757576,0.7676767676767676,0.7878787878787878,0.7777777777777778,0.7676767676767676,0.7777777777777778,0.7777777777777778,0.8080808080808081
0.5314009661835749,0.5314009661835749,0.5458937198067633,0.5942028985507246,0.6280193236714976,0.6328502415458938,0.6473429951690821,0.6714975845410628,0.7391304347826086,0.7439613526570048
