cg***************g,gc***************g,gj***************g,jg***************g,ga***************g,ag***************g,gg***************a,gg***************c,gg***************j,hg***************g,gg***************h,gh***************g,gg***************g
0.7865168539325843,0.7640449438202247,0.8202247191011236,0.7696629213483146,0.8146067415730337,0.7640449438202247,0.7808988764044944,0.8426966292134831,0.7584269662921348,0.8146067415730337,0.8314606741573034,0.7696629213483146,0.9044943820224719
0.6814159292035398,0.7079646017699115,0.7212389380530974,0.7300884955752213,0.7433628318584071,0.7522123893805309,0.7610619469026548,0.7699115044247787,0.7831858407079646,0.8141592920353983,0.8185840707964602,0.8407079646017699,0.8805309734513275
