gg************************c,jg************************g,gg************************a,gg************************j,hg************************g,gg************************h,gh************************g,gg************************g
0.7808988764044944,0.7584269662921348,0.8314606741573034,0.8258426966292135,0.797752808988764,0.7584269662921348,0.8089887640449438,0.8764044943820225
0.6814159292035398,0.7123893805309734,0.7477876106194691,0.7654867256637168,0.7699115044247787,0.7743362831858407,0.8008849557522124,0.8407079646017699
