gg******c,gg******j,ag******g,jg******g,gj******g,hg******g,gg******a,gh******g,gg******h,gg******g
0.7808988764044944,0.8089887640449438,0.7640449438202247,0.8089887640449438,0.848314606741573,0.8707865168539326,0.8146067415730337,0.848314606741573,0.8820224719101124,0.9269662921348315
0.6946902654867256,0.7566371681415929,0.7610619469026548,0.7699115044247787,0.7876106194690266,0.831858407079646,0.8362831858407079,0.8451327433628318,0.8716814159292036,0.9070796460176991
