gg****************************c,gj****************************g,gg****************************a,gg****************************j,gh****************************g,hg****************************g,gg****************************h,gg****************************g
0.7640449438202247,0.7528089887640449,0.7528089887640449,0.8314606741573034,0.8202247191011236,0.7640449438202247,0.8146067415730337,0.8820224719101124
0.7168141592920354,0.7212389380530974,0.7433628318584071,0.7699115044247787,0.7699115044247787,0.7920353982300885,0.8141592920353983,0.8628318584070797
