gg*********************c,gj*********************g,gg*********************a,hg*********************g,gh*********************g,jg*********************g,gg*********************j,gg*********************h,gg*********************g
0.797752808988764,0.7584269662921348,0.7640449438202247,0.8258426966292135,0.848314606741573,0.7640449438202247,0.8146067415730337,0.8258426966292135,0.8764044943820225
0.6991150442477876,0.7256637168141593,0.7389380530973452,0.7522123893805309,0.7654867256637168,0.7831858407079646,0.8053097345132744,0.8230088495575221,0.8628318584070797
