gg******************c,gj******************g,jg******************g,gg******************a,gh******************g,hg******************g,gg******************h,gg******************g
0.8202247191011236,0.7808988764044944,0.7865168539325843,0.8089887640449438,0.8202247191011236,0.7752808988764045,0.848314606741573,0.8820224719101124
0.7168141592920354,0.7212389380530974,0.7433628318584071,0.7654867256637168,0.7920353982300885,0.8097345132743363,0.8185840707964602,0.8982300884955752
