hg*h,gc*g,gg*j,gj*g,ga*g,gg*a,ag*g,jg*g,gg*h,gh*g,hg*g,gg*g
0.7640449438202247,0.7752808988764045,0.8314606741573034,0.8202247191011236,0.797752808988764,0.8426966292134831,0.7528089887640449,0.8089887640449438,0.9044943820224719,0.8651685393258427,0.8595505617977528,0.9550561797752809
0.7035398230088495,0.7123893805309734,0.7522123893805309,0.7610619469026548,0.7699115044247787,0.8053097345132744,0.8097345132743363,0.8097345132743363,0.8362831858407079,0.8495575221238938,0.8628318584070797,0.9380530973451328
