gc*******g,jg*******g,gj*******g,gh*******h,ag*******g,gg*******a,gg*******j,hg*******g,gh*******g,gg*******h,gg*******g
0.7584269662921348,0.7584269662921348,0.8370786516853933,0.7696629213483146,0.7865168539325843,0.8258426966292135,0.848314606741573,0.848314606741573,0.8539325842696629,0.8707865168539326,0.9269662921348315
0.7079646017699115,0.7389380530973452,0.7654867256637168,0.7743362831858407,0.7787610619469026,0.7831858407079646,0.7831858407079646,0.8185840707964602,0.827433628318584,0.831858407079646,0.8982300884955752
