hg*************h,gg*************c,gj*************g,gg*************j,jg*************g,ag*************g,hg*************g,gg*************a,gg*************h,gh*************g,gg*************g
0.7865168539325843,0.8033707865168539,0.7528089887640449,0.7696629213483146,0.7528089887640449,0.7808988764044944,0.8146067415730337,0.7696629213483146,0.8089887640449438,0.8426966292134831,0.9044943820224719
0.7212389380530974,0.7300884955752213,0.7433628318584071,0.7522123893805309,0.7699115044247787,0.7787610619469026,0.7876106194690266,0.8053097345132744,0.8407079646017699,0.8407079646017699,0.8982300884955752
