gg***********c,gj***********g,gc***********g,jg***********g,hg***********g,ag***********g,gg***********a,gg***********j,gg***********h,gh***********g,gg***********g
0.8258426966292135,0.8089887640449438,0.7528089887640449,0.8033707865168539,0.8258426966292135,0.7808988764044944,0.7865168539325843,0.7696629213483146,0.8202247191011236,0.7865168539325843,0.9438202247191011
0.7345132743362832,0.7389380530973452,0.7433628318584071,0.7477876106194691,0.7522123893805309,0.7566371681415929,0.7699115044247787,0.7743362831858407,0.8097345132743363,0.8362831858407079,0.8805309734513275
