gj***************************************g,gg***************************************c,gg***************************************a,gg***************************************h,gg***************************************j,gh***************************************g,hg***************************************g,gg***************************************g
0.7921348314606742,0.7921348314606742,0.797752808988764,0.8146067415730337,0.797752808988764,0.7921348314606742,0.7808988764044944,0.8820224719101124
0.668141592920354,0.7168141592920354,0.7477876106194691,0.7522123893805309,0.7610619469026548,0.7610619469026548,0.7743362831858407,0.8672566371681416
