gg*******************************c,gh*******************************g,gg*******************************a,hg*******************************g,gg*******************************j,gg*******************************h,gg*******************************g
0.7528089887640449,0.7921348314606742,0.7752808988764045,0.7865168539325843,0.7696629213483146,0.8539325842696629,0.8764044943820225
0.6991150442477876,0.7256637168141593,0.7300884955752213,0.7477876106194691,0.7566371681415929,0.7787610619469026,0.8495575221238938
