gh**********h,ga**********g,gg**********c,gc**********g,jg**********g,gj**********g,hg**********g,gh**********g,gg**********h,gg**********g
0.7696629213483146,0.7584269662921348,0.8146067415730337,0.7640449438202247,0.8202247191011236,0.7640449438202247,0.848314606741573,0.8876404494382022,0.8595505617977528,0.9438202247191011
0.7256637168141593,0.7300884955752213,0.7477876106194691,0.7610619469026548,0.7787610619469026,0.7876106194690266,0.8185840707964602,0.8407079646017699,0.8805309734513275,0.8849557522123894
