gg******************************************c,gg******************************************h,gg******************************************j,hg******************************************g,gh******************************************g,gg******************************************g
0.7584269662921348,0.8370786516853933,0.7752808988764045,0.797752808988764,0.7808988764044944,0.8426966292134831
0.7035398230088495,0.7566371681415929,0.7566371681415929,0.7610619469026548,0.7699115044247787,0.8230088495575221
