gg**************c,jg**************g,gj**************g,hg**************g,gg**************j,gg**************h,gh**************g,gg**************g
0.8202247191011236,0.8033707865168539,0.7865168539325843,0.7865168539325843,0.8146067415730337,0.8146067415730337,0.8539325842696629,0.9044943820224719
0.7035398230088495,0.7256637168141593,0.7477876106194691,0.7920353982300885,0.8053097345132744,0.8097345132743363,0.8230088495575221,0.8761061946902655
