gg*********c,gh*********h,gc*********g,gg*********a,gg*********j,ga*********g,gj*********g,gh*********g,hg*********g,gg*********h,gg*********g
0.7640449438202247,0.7865168539325843,0.7921348314606742,0.7696629213483146,0.7528089887640449,0.7696629213483146,0.8539325842696629,0.8146067415730337,0.8651685393258427,0.8370786516853933,0.9269662921348315
0.7256637168141593,0.7256637168141593,0.7300884955752213,0.7345132743362832,0.7433628318584071,0.7964601769911505,0.7964601769911505,0.8230088495575221,0.8362831858407079,0.8805309734513275,0.911504424778761
