gg*****************************c,gg*****************************j,ga*****************************g,hg*****************************g,gj*****************************g,gh*****************************g,gg*****************************h,gg*****************************g
0.8146067415730337,0.7921348314606742,0.7528089887640449,0.797752808988764,0.797752808988764,0.8146067415730337,0.8089887640449438,0.9213483146067416
0.6991150442477876,0.7256637168141593,0.7389380530973452,0.7433628318584071,0.7477876106194691,0.7831858407079646,0.827433628318584,0.8584070796460177
