gg*******************c,jg*******************g,ga*******************g,gg*******************a,gg*******************j,hg*******************g,gg*******************h,gh*******************g,gg*******************g
0.8089887640449438,0.7528089887640449,0.7584269662921348,0.7696629213483146,0.8089887640449438,0.7808988764044944,0.8146067415730337,0.7752808988764045,0.9269662921348315
0.6858407079646017,0.7123893805309734,0.7477876106194691,0.7522123893805309,0.7787610619469026,0.7831858407079646,0.8097345132743363,0.8141592920353983,0.8893805309734514
