ghh,jgg,gga,ggj,gjg,hgg,ggh,agg,ggg,ghg
0.7696629213483146,0.7921348314606742,0.8033707865168539,0.8539325842696629,0.8314606741573034,0.898876404494382,0.8764044943820225,0.7696629213483146,0.9382022471910112,0.9101123595505618
0.668141592920354,0.7566371681415929,0.7964601769911505,0.8230088495575221,0.8230088495575221,0.8362831858407079,0.8539823008849557,0.8584070796460177,0.8893805309734514,0.9026548672566371
