gg*************************************c,gg*************************************j,hg*************************************g,gj*************************************g,gg*************************************h,gh*************************************g,gg*************************************a,gg*************************************g
0.8033707865168539,0.7696629213483146,0.8089887640449438,0.7528089887640449,0.8258426966292135,0.8089887640449438,0.7808988764044944,0.8707865168539326
0.6858407079646017,0.7300884955752213,0.7610619469026548,0.7787610619469026,0.7876106194690266,0.7920353982300885,0.8008849557522124,0.8141592920353983
