gg****************c,jg****************g,gg****************j,gg****************a,gj****************g,gg****************h,hg****************g,gh****************g,gg****************g
0.8314606741573034,0.797752808988764,0.8089887640449438,0.7696629213483146,0.8033707865168539,0.8651685393258427,0.8033707865168539,0.8033707865168539,0.9044943820224719
0.7035398230088495,0.7256637168141593,0.7654867256637168,0.7699115044247787,0.7743362831858407,0.7920353982300885,0.8008849557522124,0.8185840707964602,0.8628318584070797
