cg****g,hh****g,gg****c,hg****h,jg****g,gj****g,gg****j,gg****a,gh****g,hg****g,gg****h,gg****g
0.7584269662921348,0.7808988764044944,0.7584269662921348,0.7752808988764045,0.797752808988764,0.8146067415730337,0.7808988764044944,0.7808988764044944,0.8539325842696629,0.8595505617977528,0.9044943820224719,0.9325842696629213
0.668141592920354,0.7212389380530974,0.7300884955752213,0.7345132743362832,0.7433628318584071,0.7566371681415929,0.7610619469026548,0.7743362831858407,0.8097345132743363,0.827433628318584,0.8628318584070797,0.9203539823008849
