hg********h,gh********h,cg********g,gc********g,gj********g,gg********j,ga********g,gg********a,jg********g,hg********g,gh********g,gg********h,gg********g
0.7584269662921348,0.7865168539325843,0.7584269662921348,0.7528089887640449,0.7696629213483146,0.7865168539325843,0.7808988764044944,0.7865168539325843,0.7696629213483146,0.8370786516853933,0.8651685393258427,0.9044943820224719,0.9157303370786517
0.6991150442477876,0.7212389380530974,0.7256637168141593,0.7477876106194691,0.7477876106194691,0.7699115044247787,0.7743362831858407,0.7964601769911505,0.7964601769911505,0.8053097345132744,0.8362831858407079,0.8584070796460177,0.8849557522123894
