gg**************************************c,gg**************************************j,gj**************************************g,gg**************************************h,hg**************************************g,gg**************************************a,gg**************************************g
0.797752808988764,0.7865168539325843,0.7752808988764045,0.8146067415730337,0.7921348314606742,0.7752808988764045,0.8764044943820225
0.7212389380530974,0.7389380530973452,0.7477876106194691,0.7831858407079646,0.7876106194690266,0.7920353982300885,0.8407079646017699
