gg*************************c,gh*************************h,gg*************************h,gg*************************a,gg*************************j,hg*************************g,jg*************************g,gh*************************g,gg*************************g
0.7640449438202247,0.7696629213483146,0.7921348314606742,0.7640449438202247,0.8202247191011236,0.8202247191011236,0.7752808988764045,0.8146067415730337,0.9101123595505618
0.6858407079646017,0.7079646017699115,0.7433628318584071,0.7654867256637168,0.7787610619469026,0.7787610619469026,0.7876106194690266,0.7920353982300885,0.8539823008849557
