ga****************************************g,gg****************************************h,hg****************************************g,gg****************************************j,gg****************************************a,gh****************************************g,gg****************************************g
0.7528089887640449,0.797752808988764,0.7808988764044944,0.7921348314606742,0.797752808988764,0.7752808988764045,0.8820224719101124
0.7212389380530974,0.7389380530973452,0.7477876106194691,0.7522123893805309,0.7610619469026548,0.7699115044247787,0.8672566371681416
