gc************g,gg************c,jg************g,gg************j,gh************g,ga************g,gj************g,hg************g,gg************h,gg************g
0.7752808988764045,0.8426966292134831,0.8089887640449438,0.8033707865168539,0.8595505617977528,0.8202247191011236,0.7696629213483146,0.8314606741573034,0.8707865168539326,0.8707865168539326
0.7035398230088495,0.7300884955752213,0.7654867256637168,0.7787610619469026,0.7831858407079646,0.7920353982300885,0.7920353982300885,0.7964601769911505,0.8407079646017699,0.9026548672566371
