gj***********************g,jg***********************g,gg***********************a,gg***********************c,gg***********************j,gg***********************h,hg***********************g,gh***********************g,gg***********************g
0.7584269662921348,0.7696629213483146,0.7808988764044944,0.8258426966292135,0.797752808988764,0.848314606741573,0.8202247191011236,0.8146067415730337,0.8876404494382022
0.6858407079646017,0.7079646017699115,0.7300884955752213,0.7345132743362832,0.7610619469026548,0.7743362831858407,0.7787610619469026,0.8097345132743363,0.8407079646017699
