jg*******************************************g,ga*******************************************g,gg*******************************************h,gg*******************************************j,gg*******************************************a,gh*******************************************g,hg*******************************************g,gg*******************************************g
0.7696629213483146,0.7752808988764045,0.8707865168539326,0.7865168539325843,0.7528089887640449,0.7584269662921348,0.7808988764044944,0.9044943820224719
0.668141592920354,0.7168141592920354,0.7433628318584071,0.7566371681415929,0.7610619469026548,0.7699115044247787,0.7743362831858407,0.8672566371681416
