hg**h,ga**g,ag**g,gg**a,gj**g,gg**j,hg**g,gg**h,gh**g,gg**g
0.7696629213483146,0.7752808988764045,0.8033707865168539,0.8033707865168539,0.7865168539325843,0.797752808988764,0.9044943820224719,0.8876404494382022,0.9044943820224719,0.9269662921348315
0.7079646017699115,0.7522123893805309,0.7566371681415929,0.7610619469026548,0.7787610619469026,0.8008849557522124,0.8230088495575221,0.8584070796460177,0.8716814159292036,0.8849557522123894
