gg********************c,gj********************g,gh********************h,ag********************g,gg********************a,gg********************h,gh********************g,gg********************j,hg********************g,gg********************g
0.8033707865168539,0.7752808988764045,0.7752808988764045,0.7584269662921348,0.7584269662921348,0.8314606741573034,0.797752808988764,0.8370786516853933,0.8202247191011236,0.9101123595505618
0.7123893805309734,0.7168141592920354,0.7345132743362832,0.7477876106194691,0.7522123893805309,0.7566371681415929,0.7610619469026548,0.7699115044247787,0.7876106194690266,0.8672566371681416
