hg**********************g,jg**********************g,gj**********************g,gg**********************c,gg**********************j,gg**********************h,gh**********************g,gg**********************g
0.8258426966292135,0.797752808988764,0.7752808988764045,0.8033707865168539,0.7808988764044944,0.8314606741573034,0.8426966292134831,0.9213483146067416
0.6946902654867256,0.7345132743362832,0.7477876106194691,0.7566371681415929,0.7876106194690266,0.8097345132743363,0.8230088495575221,0.8407079646017699
