jg********************************g,gg********************************j,gh********************************g,gg********************************h,hg********************************g,gg********************************a,gg********************************g
0.7528089887640449,0.7808988764044944,0.7865168539325843,0.8651685393258427,0.7752808988764045,0.7640449438202247,0.9044943820224719
0.6814159292035398,0.7035398230088495,0.7389380530973452,0.7654867256637168,0.7743362831858407,0.7831858407079646,0.8584070796460177
