gj*****************g,jg*****************g,gg*****************a,hg*****************g,gg*****************h,gg*****************c,gh*****************g,gg*****************g
0.7584269662921348,0.7808988764044944,0.7584269662921348,0.8146067415730337,0.8258426966292135,0.8089887640449438,0.8033707865168539,0.9044943820224719
0.7212389380530974,0.7433628318584071,0.7743362831858407,0.7743362831858407,0.7876106194690266,0.8053097345132744,0.8185840707964602,0.8805309734513275
