ga************************************g,gg************************************c,gh************************************g,gg************************************a,gg************************************h,hg************************************g,gg************************************g
0.8033707865168539,0.8146067415730337,0.7640449438202247,0.7696629213483146,0.7808988764044944,0.8202247191011236,0.8876404494382022
0.7345132743362832,0.7345132743362832,0.7477876106194691,0.7566371681415929,0.7743362831858407,0.8008849557522124,0.8407079646017699
