gg**************************a,gg**************************j,ga**************************g,gg**************************c,gh**************************g,gg**************************h,hg**************************g,gg**************************g
0.7696629213483146,0.7921348314606742,0.7584269662921348,0.7808988764044944,0.8426966292134831,0.8314606741573034,0.8033707865168539,0.8932584269662921
0.7345132743362832,0.7389380530973452,0.7522123893805309,0.7699115044247787,0.7743362831858407,0.7787610619469026,0.7787610619469026,0.8982300884955752
