jg*****************************************g,gj*****************************************g,gg*****************************************c,gh*****************************************g,hg*****************************************g,gg*****************************************j,gg*****************************************a,gg*****************************************h,gg*****************************************g
0.7696629213483146,0.7696629213483146,0.7640449438202247,0.8089887640449438,0.7640449438202247,0.797752808988764,0.8146067415730337,0.8089887640449438,0.8764044943820225
0.6769911504424779,0.6946902654867256,0.7168141592920354,0.7168141592920354,0.7300884955752213,0.7389380530973452,0.7477876106194691,0.7920353982300885,0.8451327433628318
