gg***********************************j,gg***********************************c,gh***********************************g,gg***********************************h,hg***********************************g,gg***********************************a,gg***********************************g
0.7584269662921348,0.7640449438202247,0.7921348314606742,0.8033707865168539,0.7752808988764045,0.8258426966292135,0.8932584269662921
0.6946902654867256,0.7168141592920354,0.7212389380530974,0.7522123893805309,0.7522123893805309,0.7566371681415929,0.8539823008849557
