cg***g,jg***g,ag***g,ga***g,gg***j,gj***g,gg***a,hg***g,gh***g,gg***h,gg***g
0.7528089887640449,0.8033707865168539,0.7640449438202247,0.7752808988764045,0.7808988764044944,0.7528089887640449,0.8539325842696629,0.8876404494382022,0.8651685393258427,0.9101123595505618,0.9269662921348315
0.6814159292035398,0.7389380530973452,0.7522123893805309,0.7831858407079646,0.7831858407079646,0.7964601769911505,0.8008849557522124,0.831858407079646,0.8362831858407079,0.8451327433628318,0.9336283185840708
