jg**********************************g,gg**********************************j,gg**********************************a,hg**********************************g,gh**********************************g,gg**********************************h,gg**********************************g
0.7640449438202247,0.7865168539325843,0.7584269662921348,0.8202247191011236,0.7921348314606742,0.8258426966292135,0.8764044943820225
0.6858407079646017,0.7168141592920354,0.7477876106194691,0.7477876106194691,0.7566371681415929,0.8008849557522124,0.8495575221238938
