gg******************************j,ag******************************g,gg******************************c,gj******************************g,hg******************************g,gh******************************g,gg******************************h,gg******************************a,gg******************************g
0.797752808988764,0.797752808988764,0.8146067415730337,0.7752808988764045,0.8033707865168539,0.8033707865168539,0.8033707865168539,0.7696629213483146,0.8707865168539326
0.7035398230088495,0.7256637168141593,0.7256637168141593,0.7389380530973452,0.7477876106194691,0.7610619469026548,0.7699115044247787,0.827433628318584,0.8495575221238938
