gg***************************a,jg***************************g,gg***************************c,gh***************************g,hg***************************g,gg***************************h,gg***************************j,gg***************************g
0.7865168539325843,0.7640449438202247,0.8033707865168539,0.8202247191011236,0.797752808988764,0.8426966292134831,0.8033707865168539,0.9044943820224719
0.7035398230088495,0.7300884955752213,0.7477876106194691,0.7610619469026548,0.7654867256637168,0.7743362831858407,0.7876106194690266,0.8982300884955752
