hh*****g,gh*****h,gj*****g,ga*****g,ag*****g,jg*****g,gg*****a,hg*****g,gh*****g,gg*****h,gg*****g
0.7528089887640449,0.7640449438202247,0.7921348314606742,0.7528089887640449,0.7696629213483146,0.7752808988764045,0.7921348314606742,0.848314606741573,0.8876404494382022,0.898876404494382,0.9213483146067416
0.672566371681416,0.7477876106194691,0.7477876106194691,0.7831858407079646,0.7876106194690266,0.7876106194690266,0.7920353982300885,0.8230088495575221,0.8628318584070797,0.8982300884955752,0.9203539823008849
