EE,RL,AA,SE,LK,SA,LQ,EL,VA,LP,TS,LG,AV,GT,TL,SV,GS,VL,LT,AS,AL,LV,SS,GL,LA,SG,SL,LL,LS
0.7640449438202247,0.7640449438202247,0.7696629213483146,0.7696629213483146,0.7528089887640449,0.7865168539325843,0.7640449438202247,0.7865168539325843,0.7865168539325843,0.797752808988764,0.7921348314606742,0.8033707865168539,0.7528089887640449,0.7752808988764045,0.7696629213483146,0.7808988764044944,0.8820224719101124,0.8707865168539326,0.8595505617977528,0.8202247191011236,0.848314606741573,0.8258426966292135,0.8370786516853933,0.8651685393258427,0.8258426966292135,0.8539325842696629,0.9325842696629213,0.8932584269662921,0.8707865168539326
0.6415929203539823,0.6769911504424779,0.6902654867256637,0.6991150442477876,0.6991150442477876,0.7079646017699115,0.7079646017699115,0.7079646017699115,0.7256637168141593,0.7300884955752213,0.7433628318584071,0.7566371681415929,0.7654867256637168,0.7699115044247787,0.7699115044247787,0.7787610619469026,0.7831858407079646,0.7876106194690266,0.7876106194690266,0.7920353982300885,0.8008849557522124,0.8097345132743363,0.8185840707964602,0.8185840707964602,0.8230088495575221,0.8362831858407079,0.8407079646017699,0.8495575221238938,0.8672566371681416
