VI,VS,LP,KA,GK,GV,VV,VA,KL,TL,AV,SL,EA,LS,LK,GL,VL,DL,LV,LG,AA,LL,EL,LA,AL
0.6521739130434783,0.6521739130434783,0.6561264822134387,0.7035573122529645,0.7193675889328063,0.7470355731225297,0.6837944664031621,0.6956521739130435,0.6877470355731226,0.6521739130434783,0.7391304347826086,0.7193675889328063,0.6561264822134387,0.7707509881422925,0.7549407114624506,0.7391304347826086,0.7984189723320159,0.7549407114624506,0.6640316205533597,0.7470355731225297,0.6798418972332015,0.6956521739130435,0.7272727272727273,0.7747035573122529,0.7509881422924901
0.5103092783505154,0.5302835051546392,0.5322164948453608,0.5393041237113402,0.5702319587628866,0.5740979381443299,0.5740979381443299,0.5947164948453608,0.6018041237113402,0.604381443298969,0.6121134020618557,0.6134020618556701,0.6140463917525774,0.615979381443299,0.6198453608247423,0.6237113402061856,0.6237113402061856,0.6307989690721649,0.6327319587628866,0.6365979381443299,0.6417525773195877,0.648840206185567,0.6572164948453608,0.663659793814433,0.6752577319587629
